<?xml version="1.0" encoding="UTF-8"?>
<beans xmlns="http://www.springframework.org/schema/beans"
	xmlns:xsi="http://www.w3.org/2001/XMLSchema-instance"
	xsi:schemaLocation="http://www.springframework.org/schema/beans
http://www.springframework.org/schema/beans/spring-beans.xsd">
 
	<bean id="processEngineConfiguration" class="org.activiti.spring.SpringProcessEngineConfiguration">
		<property name="dataSource" ref="dataSource" />
		<property name="transactionManager" ref="transactionManager" />
		<property name="databaseSchemaUpdate" value="true" />
		<property name="jobExecutorActivate" value="false" />
	</bean>
 
	<bean id="processEngine" class="org.activiti.spring.ProcessEngineFactoryBean">
		<property name="processEngineConfiguration" ref="processEngineConfiguration" />
	</bean>
 
	<bean id="runtimeService" factory-bean="processEngine"
		factory-method="getRuntimeService" />
	<bean id="taskService" factory-bean="processEngine"
		factory-method="getTaskService" />
	<bean id="repositoryService" factory-bean="processEngine"
		factory-method="getRepositoryService" />
 
</beans>